first_name,last_name,city,country,region,postal_code
Arty,Woodroofe,Huddinge,Sweden,AB,141 05
Fleur,Lingard,Trà My,Vietnam,,
Mareah,Veart,Russeifa,Jordan,,
Lydie,Marler,Vojkovice,Czech Republic,,739 51
Roseann,Larham,Kalangan,Indonesia,,
Donall,Middleton,Nsanje,Malawi,,
Katlin,Dowglass,Balyqshy,Kazakhstan,,
Judy,Rawes,Montelíbano,Colombia,,234008
Orlan,Turmall,Petung,Indonesia,,
Nona,Whartonby,Paço,Portugal,11,2530-692
Lauritz,Filchagin,Tucheng,China,,
Grady,Mollin,Tobol,Kazakhstan,,
Giustino,Cheavin,Ordzhonikidzevskaya,Russia,,386245
Nicolle,Sheehan,Gómez,Panama,,
Chancey,Bulleyn,Meghrashen,Armenia,,
Rudolph,Woodnutt,Smederevo,Serbia,,
Ailbert,Patty,Hafrsfjord,Norway,11,4089
Andrea,Wilsee,Promyshlennovskiy,Russia,,650904
Obed,Cuxon,Voinjama,Liberia,,
Aube,Mintram,Manzurka,Russia,,666217
Thorvald,Oldham,Moss,Norway,01,1513
Anjanette,Jones,Yelan’-Kolenovskiy,Russia,,152720
Clary,Nix,Cardona,Philippines,,1950
Milton,Haggerwood,Tungol,Philippines,,9407
Keelby,Ducroe,Dolní Studénky,Czech Republic,,788 20
Taryn,Carlisi,Lukulu,Zambia,,
Smitty,Grayley,Nueva Esperanza,Mexico,COA,29216
Krispin,Bettlestone,Murmino,Russia,,390528
Harlen,D'Ugo,Forshaga,Sweden,S,667 30
Reinaldos,Drivers,Skomlin,Poland,,98-346
Kaylil,Haquin,Ibusuki,Japan,,574-0072
Analise,Morshead,Kabardinka,Russia,,353480
Alfons,Blase,Huaishu,China,,
Alix,Gozard,Waru,Indonesia,,
Griswold,Benyan,Shanghe,China,,
Andre,Farncomb,Ersekë,Albania,,
Leo,Brodeau,Kuiyong,China,,
Aaron,Waterworth,Clermont-Ferrand,France,98,63043 CEDEX 2
Sorcha,Lathan,Golek,Indonesia,,
Donn,Petris,Na Chueak,Thailand,,44170
Nowell,Goggins,Gornyy,Russia,,413545
Pammie,De Witt,Skellefteå,Sweden,AC,931 22
Enriqueta,Leynagh,Primero de Mayo,Mexico,CHP,27944
Prudi,Congdon,Balingasag,Philippines,,9005
Even,Redrup,Kunting,Gambia,,
Dina,Spalding,Guaitarilla,Colombia,,525508
Brana,Merriman,Ciloa,Indonesia,,
Avrom,Curwen,Konotop,Ukraine,,
Stanleigh,Habbergham,Cibitung,Indonesia,,
Izabel,Strettle,Kotakan Selatan,Indonesia,,
Fedora,Gribbon,Bolong,Philippines,,5001
Carlyle,Pratchett,Tasböget,Kazakhstan,,
Delcina,Russam,Tilmi,Morocco,,
Trace,Emps,Roissy Charles-de-Gaulle,France,A8,95719 CEDEX 1
Luelle,Feavearyear,Qinshan,China,,
Gavan,Shovel,Marcabamba,Peru,,
Bertine,Wisedale,Örnsköldsvik,Sweden,Y,891 30
Abbot,Longega,Yinchuan,China,,
Carlita,Desborough,La Viña,Argentina,,4424
Ugo,Spearing,Ōdachō-ōda,Japan,,699-2211
Yule,Merner,Duba,Saudi Arabia,,
Ainslee,Accomb,Fukuroi,Japan,,437-0026
Doll,Huster,Takanosu,Japan,,989-0222
Shaylah,Upston,Limulan,Philippines,,9808
Alleen,Samber,Margahayukencana,Indonesia,,
Chester,Klimashevich,Limoges,France,B1,87077 CEDEX 9
Eleanor,Navarro,Inhumas,Brazil,,75400-000
Tanhya,Clerc,Luotaping,China,,
Brad,Carlisi,Bayt Ūlā,Palestinian Territory,,
Greer,Panchin,Imbituva,Brazil,,84430-000
Marcello,Mardell,Chengfeng,China,,
Kari,Karchewski,Bhawāna,Pakistan,,35351
Gigi,Pocklington,Gunungkoneng,Indonesia,,
Carola,McNiven,Jacareí,Brazil,,12300-000
Gabriela,Swiffin,Danja,Nigeria,,
Mylo,Jane,Montenegro,Colombia,,633008
Wain,Sjollema,Mogi das Cruzes,Brazil,,69110-000
Randy,Mawd,Kawangkoan,Indonesia,,
Nonna,Roskell,Maţarah,Yemen,,
Anne,Hambleton,Predavac,Croatia,,43211
Paulo,Millins,Prince Albert,Canada,SK,S6W
Twyla,Demcik,Buayan,Philippines,,9500
Omar,Noseworthy,Leskovec pri Krškem,Slovenia,,8273
Georgetta,Laybourne,Bowen Island,Canada,BC,V7W
Kean,Hadkins,Barreiros,Brazil,,55560-000
Meggie,Dovidaitis,Nowa Sól,Poland,,67-101
Dane,McLaverty,Kadumelati,Indonesia,,
Marty,Perchard,Nereta,Latvia,,
Earl,Risborough,Bāft,Iran,,
Nannette,Bangley,Ouango,Central African Republic,,
Eward,Shellard,Kasaoka,Japan,,714-0081
Genny,Ralfe,Krajan Pakel,Indonesia,,
Cecile,MacClancey,Hanyuan,China,,
Dave,Hallor,Cikandang,Indonesia,,
Alice,Perkinson,Jingxiyuan,China,,
Belva,Yewdall,Barbaza,Philippines,,5706
Noah,MacRirie,San Vicente,Philippines,,6419
Oran,Ledbetter,Chantal,Haiti,,
Patrica,Farrier,Faqqū‘ah,Palestinian Territory,,
Anastasia,Manuele,Ratchaburi,Thailand,,84180
Cortney,Humber,Vale de Madeiros,Portugal,18,3525-355
Teresa,Topes,Nozdrzec,Poland,,36-245
Nada,Mattioli,Tournai,Belgium,WAL,7504
Creigh,Silwood,Xiashuitou,China,,
Muffin,Gomery,Philadelphia,United States,PA,19125
Jervis,Looby,Isehara,Japan,,277-0883
Drucill,Gaythor,Houten,Netherlands,09,3994
Giralda,Preuvost,Laiwu,China,,
Jon,Crielly,Siilinjärvi,Finland,,71801
Avie,Carde,Strasbourg,France,C1,67975 CEDEX 9
Erv,Karslake,Ankazoabo,Madagascar,,
Tome,Shanklin,Datuan,China,,
Brandon,Howsam,Mostek,Czech Republic,,565 01
Yolande,Roskrug,Jiefangyan,China,,
Mallorie,Quadling,Pamotan,Indonesia,,
Cort,Rigeby,Bancar,Indonesia,,
Claresta,Stevens,Butiá,Brazil,,96750-000
Sylvan,Hatcliffe,Pentéli,Greece,,
Stearn,Salomon,Shuidong,China,,
Cecelia,Falkinder,La Cañada,Mexico,MEX,53570
Andreas,Slamaker,Tomiya,Japan,,981-3311
Leonie,Broomfield,Askim,Norway,01,1808
Toinette,Foan,Minchinābād,Pakistan,,58031
Abby,Erdely,Kamennogorsk,Russia,,188950
Ailbert,Chauvey,Longtanping,China,,
Eadmund,Le Maitre,São José do Rio Preto,Brazil,,15000-000
Briny,MacRitchie,Patambuco,Peru,,
Stephie,Krojn,Strängnäs,Sweden,D,645 84
Thatcher,Pikett,La Seyne-sur-Mer,France,B8,83514 CEDEX
Bryant,Bethune,Potosí,Colombia,,524039
Archibald,Hayne,Huangtian,China,,
Darcie,Fairpool,Elele,Nigeria,,
Felizio,Darque,São João do Campo,Portugal,06,3025-419
Leeann,Peirone,Lüjiabao,China,,
Danella,Guiel,Gorodets,Russia,,606533
Jessika,Matchett,Salawu,Indonesia,,
Ericha,Spadoni,Jedlińsk,Poland,,26-660
Aaren,Monksfield,Rahama,Nigeria,,
Kevina,Escalero,Krajan Puru,Indonesia,,
Lucian,Rawcliff,Karapyshi,Ukraine,,
Cari,Seton,Pomabamba,Peru,,
Darby,Halliday,Petäjävesi,Finland,,41901
Caresse,Castenda,Ranot,Thailand,,90140
Stevena,Tremoille,Yongheshi,China,,
Lissi,Jayume,Tilburg,Netherlands,06,5019
Eloise,Dullingham,Llauta,Peru,,
Trenna,Luebbert,Mŭynoq,Uzbekistan,,
Antony,Bowkley,Al Mazār,Jordan,,
Herschel,Ballin,Xicheng,China,,
Karlens,Batman,Zhavoronki,Russia,,601107
Theodora,Moodie,Chuzhou,China,,
Jenda,Benfield,Ibshawāy,Egypt,,
Magdalen,Buckell,Herzliyya,Israel,,
Jackie,Dinse,Yuwan,China,,
Faith,Lamport,Saint John’s,Antigua and Barbuda,,
Belva,Zumbusch,Tabio,Philippines,,2608
Bab,Bosket,Kalipare,Indonesia,,
Normie,Edney,Lugovoy,Kazakhstan,,
Abdul,Bowen,Kadipaten,Indonesia,,
Bryana,McGlone,Seredka,Russia,,188422
Kincaid,Bessant,San Roque,Philippines,,6415
Joell,Chubb,Poitiers,France,B7,86042 CEDEX 9
Alena,Trainor,Karanganyar,Indonesia,,
Brnaba,Poynter,Meikeng,China,,
Zeke,Swin,Urachiche,Venezuela,,
Margie,Tipling,Samboan,Philippines,,6027
Vida,Yarnton,Quinta,Portugal,01,4520-509
Hallsy,Hamblen,Carolina,Brazil,,65980-000
Tyne,Bonham,Lebowakgomo,South Africa,,9640
Cirilo,Stellino,Aldeia de Além,Portugal,14,2025-105
Valentijn,Doghartie,Gromnik,Poland,,33-180
Howard,Wreak,Ganja,Azerbaijan,,
Blaire,Housen,Uttaradit,Thailand,,71120
Bonni,Wallage,Bela Vista,Brazil,,79260-000
Cleavland,Palffrey,Manizales,Colombia,,170017
Alano,Hinsch,Kufayrit,Palestinian Territory,,
Drucy,Marty,Quintã,Portugal,13,4620-729
Celisse,Woolager,Nazyvayevsk,Russia,,646100
Stephani,Beartup,Banī Suhaylā,Palestinian Territory,,
Ranee,Gostall,Bogi,Indonesia,,
Valry,Romi,Irkliyevskaya,Russia,,353144
Miranda,Corselles,Baumata,Indonesia,,
Caryn,Seaborn,Matadi,Democratic Republic of the Congo,,
Wain,Lind,Kyjov,Czech Republic,,592 14
Glyn,Mahaddy,Monjarás,Honduras,,
Stafford,Wallbridge,Xinyang,China,,
Wernher,Brandon,Lujiao,China,,
Rhody,Mallinder,Watuweri,Indonesia,,
Ozzy,Matkin,Taiping,China,,
Andi,Goodlad,Al Miftāḩ,Yemen,,
Margarethe,O'Lagene,Tres Isletas,Argentina,,4000
Carver,Salvadori,Sala,Sweden,U,733 24
Kimbell,Matei,Niandui,China,,
Mycah,Rostern,Rublëvo,Russia,,652288
Ivar,Brion,Pôrto Barra do Ivinheima,Brazil,,37790-000
Reagen,Dyhouse,Chicoana,Argentina,,4423
Rebekkah,Garnam,Zarichne,Ukraine,,
Laurianne,Di Boldi,Qiaolin,China,,
Brion,Cottu,Yingyang,China,,
Georas,Arlidge,Nakhabino,Russia,,396072
Guss,Gummer,Amalfi,Colombia,,052848
Conchita,Bacon,Viana,Brazil,,65215-000
Tootsie,Faustin,Dagui,China,,
Kiley,Tennant,Senanga,Zambia,,
Alta,Crump,Monte da Boavista,Portugal,07,7100-150
Dix,Hardson,Taitung City,Taiwan,,
Gary,Ethridge,Al Maḩjal,Yemen,,
Hillyer,Audrey,Wuyang,China,,
Arly,Armin,Harstad,Norway,19,9406
Toma,Ogborn,Luso,Portugal,01,3050-225
Cordula,Nodin,Laval,France,B5,53022 CEDEX 9
Eben,Kendrew,Kragujevac,Serbia,,
Darya,Landeaux,Paungde,Myanmar,,
Juliette,Meletti,Irecê,Brazil,,44900-000
Swen,Jacobsz,Semypolky,Ukraine,,
Gilberte,Van Daalen,Zharkovskiy,Russia,,172460
Frederich,Dudmarsh,Nogueira,Portugal,13,4605-410
Nicola,Latek,Buliran,Philippines,,3100
Ignatius,Cheine,Monjas,Guatemala,,21006
Tome,Vynehall,Kerek,Indonesia,,
Biron,Baseley,Cigoong,Indonesia,,
Abdul,Winspar,Ankola,Indonesia,,
Ambrosius,Dabourne,Sophia Antipolis,France,B8,06905 CEDEX
Joaquin,Blazdell,Bangjun,China,,
Catherin,Garvagh,Pryyutivka,Ukraine,,
Trina,McClymont,Lidečko,Czech Republic,,756 12
Parnell,Hourahan,Gal’bshtadt,Russia,,692769
Norrie,Wildey,Jagdaqi,China,,
Enid,McNulty,Wilmington,United States,DE,19805
Susan,MacCole,Eindhoven,Netherlands,06,5644
Ashlee,Clover,Degerfors,Sweden,T,693 30
Toma,Mathiasen,Maliq,Albania,,
Glenna,Kemet,Rulenge,Tanzania,,
Sephira,Kittley,Isiolo,Kenya,,
Pincus,Tyson,Mannheim,Germany,BW,68239
Bard,Crone,Languan,China,,
Reese,Denes,Idfu,Egypt,,
Spike,MacFadden,Hetou,China,,
Osmund,Riccardini,Port Barton,Philippines,,6819
Barbara-anne,Oldroyde,Kuala Lumpur,Malaysia,KUL,50762
Tabbitha,McOrkil,Cabcaben,Philippines,,2133
Yolanthe,Goodlud,Marsada,Philippines,,9215
Merry,Andersen,Port Loko,Sierra Leone,,
Conchita,Moulson,Asopía,Greece,,
Lilla,Precious,Remas,Albania,,
Kellen,Pulster,Hanji,China,,
Gabriello,Fairlaw,Kasiyan,Indonesia,,
Gerrie,Stappard,Paico,Peru,,
Tove,Enric,Zhongcun,China,,
Tessie,Berney,Trai Ngau,Vietnam,,
Thorin,Downe,Hangou,China,,
Farlay,Merrett,Längelmäki,Finland,,35400
Marshall,Haslehurst,Bigoudine,Morocco,,
Mort,Willimont,Na Muen,Thailand,,55180
Lorry,Stiggers,Dante Delgado,Mexico,VER,96710
Mitchell,Lazenbury,Wilczyce,Poland,,27-612
Luigi,Gregh,Xinjiezhen,China,,
Romain,Sollas,Gunungjulang,Indonesia,,
Lily,Grichukhanov,Naḥf,Israel,,
Jorey,Bauduccio,Munkedal,Sweden,O,455 31
Thomas,Melonby,Matalam,Philippines,,9406
Mechelle,Barke,Novais,Portugal,03,4765-122
Loise,Serridge,Aksu,Kazakhstan,,
Geneva,Dietsche,El Paso,United States,TX,88553
Rodney,Gillott,Желино,Macedonia,,1228
Elfrieda,Bartoletti,El Paso,United States,TX,88553
Cherilynn,Kadwallider,Bibirevo,Russia,,301262
Alexandrina,Bertie,Xigou,China,,
Pattin,Elesander,Mosteiro,Portugal,18,4660-059
Dorree,Screase,Sydney,Australia,NSW,1130
Brook,Noddles,Yanjiang,China,,
Doralynne,Huccaby,Caibarién,Cuba,,
Bonnie,Birkmyre,Veghel,Netherlands,06,5464
Roseann,Witherby,Naples,United States,FL,34102
Eustace,Tole,Tim,Russia,,399710
Herby,Bendson,Żywiec,Poland,,34-330
Nerti,Norkett,Léo,Burkina Faso,,
Missy,Pattingson,Fucha,China,,
Farlay,Enrrico,Itapipoca,Brazil,,62500-000
Delphine,William,Seoam,Indonesia,,
Tony,Blaber,Letlhakane,Botswana,,
Walden,Arnason,Águas,Portugal,05,6090-014
Warner,Jedrzejewski,Yousheng,China,,
Jameson,Atcock,Borås,Sweden,O,507 52
Carolyne,Cheyenne,Caijiang,China,,
Todd,Vesque,Jiujiang,China,,
Bondon,Wallentin,Conceição do Coité,Brazil,,48730-000
Kat,Trainor,Biyan,Indonesia,,
Pincas,MacCrackan,Kaoma,Zambia,,
Hana,Lampaert,Roslavl’,Russia,,216507
Cordelie,Bowling,Paraty,Brazil,,23970-000
Tybalt,Cosslett,Tagawa,Japan,,997-0753
Bibi,Gatrill,Kotkot,Philippines,,6612
Marysa,Flann,Tempaling,Indonesia,,
Sari,Gelderd,Srostki,Russia,,659375
Clo,Tapping,Béziers,France,A9,34513 CEDEX
Teresa,Wisam,Shilovo,Russia,,391545
Nedi,Cusiter,Nor Gyugh,Armenia,,
Reeta,Baradel,Liboro,Philippines,,5004
Stacy,Markie,Limushan,China,,
Devondra,Deverall,Guanshan,China,,
Gilberte,Meenehan,Prachatice,Czech Republic,,383 01
Matti,Gabbetis,Balut,Philippines,,8420
Zaccaria,Addison,Cihaurbeuti,Indonesia,,
Noak,Evensden,København,Denmark,1084,1068
Worthington,Trynor,Baiqi,China,,
Stearn,Syplus,Uurainen,Finland,,41231
Alena,MacPadene,Lebedyn,Ukraine,,
Maiga,Antusch,Ponjen,Indonesia,,
Vivianne,Plowell,Oslo,Norway,03,0216
Richart,Danzelman,Bantogon,Philippines,,5322
Shae,Alves,Genova,Italy,LG,16146
Cecilia,Manntschke,Kotawaikabubak,Indonesia,,
Karney,Heugle,Huangpi,China,,
Elmer,Rubanenko,Murree,Pakistan,,47214
Fabien,Ashard,Ordos,China,,
Bab,Flack,Kolobovo,Russia,,155933
Lesley,Ianiello,Tây Đằng,Vietnam,,
Aymer,Eggar,Nanqiao,China,,
De,Hoys,Cullalabo del Sur,Philippines,,3323
Jennie,Halcro,Sanjwāl,Pakistan,,43681
Valene,Letterick,Sens,France,A1,89102 CEDEX
Leyla,Yerill,Hutou,China,,
Roddy,Dawks,Beiqiao,China,,
Katina,Hallede,Uherské Hradiště,Czech Republic,,686 05
Corrie,Rapley,Kula,Bulgaria,,3818
Nollie,Webbe,Moutfort,Luxembourg,,L-5341
Alphonso,Pighills,Oekero,Indonesia,,
Zelig,Lynds,Bendosari,Indonesia,,
Rene,MacGiolla,Ruda Śląska,Poland,,41-717
Kirsteni,Maddison,Kafr az Zayyāt,Egypt,,
Etienne,Fanshawe,Narutochō-mitsuishi,Japan,,779-0311
Lyndell,Beecraft,Mākū,Iran,,
Jamaal,Padfield,Bordeaux,France,97,33911 CEDEX 9
Bond,Pearson,Jiaokui,China,,
Kasper,Pero,Kesugihan,Indonesia,,
Justine,Abrahamson,Matos da Ranha,Portugal,10,3105-378
Tami,Beckhurst,Zhambyl,Kazakhstan,,
Clemens,Tilbrook,Hamburg,Germany,HH,21037
Jeni,Partener,Sośnie,Poland,,63-435
Neddy,Nevins,Aglalana,Philippines,,1276
Tan,Waggitt,Rancaseneng,Indonesia,,
Merrie,Mogridge,Vista Hermosa,Mexico,JAL,47670
Shayna,Easton,Shaxi,China,,
Blythe,Pittam,Mateur,Tunisia,,
Maddi,Lockier,Nikulino,Russia,,141662
Erina,Letertre,Calumpit,Philippines,,3003
Latrena,Conachy,Gunjur,Gambia,,
Lowe,Budnik,Torrão,Portugal,15,7595-048
Hadrian,Corbin,Yezhu,China,,
Genni,Sailor,Tân Việt,Vietnam,,
Becky,Southers,Guanting,China,,
Nydia,Cumberlidge,Thị Trấn Mường Lát,Vietnam,,
Ursa,Joesbury,Tabu,Indonesia,,
Hillie,Faltin,Concepción del Uruguay,Argentina,,3260
Emelda,Monroe,Vallentuna,Sweden,AB,186 96
Fabian,Shiers,Shuiting,China,,
Stoddard,Corringham,Yopal,Colombia,,850009
Alicea,Elliott,Kliteh,Indonesia,,
Izzy,Slyde,Leiden,Netherlands,11,2329
Zacharie,Schankel,Aiánteio,Greece,,
Howey,Grabham,Štítina,Czech Republic,,747 91
Dael,Koche,Levuka,Fiji,,
Jewel,Ros,Marseille,France,B8,13253 CEDEX 06
Kelvin,Boulden,Datong,China,,
Jud,Aland,Thessaloníki,Greece,,
Christoffer,Eisikovitsh,Prainha de Baixo,Portugal,46,9940-035
Anya,Eakens,Armação,Brazil,,59990-000
Penny,Byway,Tours,France,A3,37044 CEDEX 9
Mavis,Benech,Tongren,China,,
Lethia,Poley,Aksu,Kazakhstan,,
Manny,Pomeroy,Shiyaogou,China,,
Marla,Daviot,Lillers,France,B4,62193 CEDEX
Nani,Isitt,Salawu,Indonesia,,
Flem,Robinson,Malanville,Benin,,
Keefe,Mapam,Lamakera Dua,Indonesia,,
Charlotte,Massen,Pira,Peru,,
Quint,Collison,Ankaran,Slovenia,,6000
Jasen,Artinstall,Gryazovets,Russia,,162002
Maiga,Byk,Kruty,Ukraine,,
Tallie,Wadlow,Tingzhou,China,,
Janot,Harder,Delareyville,South Africa,,2776
Allistir,Puffett,Karmah an Nuzul,Sudan,,
Flossie,Fonte,Ludvika,Sweden,W,771 24
Markus,Haimes,Chengxi,China,,
Emmanuel,Westell,Vairão,Portugal,13,4485-048
Sasha,Flooks,Layo,Peru,,
Nadiya,Rundle,Xiaomiaozi,China,,
Fair,Quimby,Roanne,France,B9,42335 CEDEX
Glendon,de Quesne,Yaté-Barrage,New Caledonia,,98833
Brent,Reedick,Zilupe,Latvia,,
Gaelan,Frazier,Verkhniye Achaluki,Russia,,386338
Roddy,McIndoe,Klatakan,Indonesia,,
Deeanne,Turbill,Ostružnica,Serbia,,
Cyrillus,Reuter,Luzhuangzi,China,,
Pyotr,Paolino,Zheshart,Russia,,169045
Warden,Seville,Shipu,China,,
Jacob,Gwillyam,Sandao,China,,
Juana,Isgar,Ciemas,Indonesia,,
Ike,Stuckes,Guhua,China,,
Bambie,Emnoney,Fuyang,China,,
Riley,Farnfield,Arkalyk,Kazakhstan,,
Cornelle,Cawcutt,Bizhbulyak,Russia,,452040
Titos,Rosenschein,Maslog,Philippines,,6820
Maible,Le Cornu,Sovetskiy,Russia,,188918
Glen,Kinrade,Shalizhai,China,,
Pennie,Strangwood,Girang,Indonesia,,
Noam,Stein,Chengcun,China,,
Sheri,Todman,Pio Duran,Philippines,,5046
Brittaney,Pulbrook,Lagkadás,Greece,,
Danella,O'Scandall,Ercheng,China,,
Danie,Piperley,Pumaqangtang,China,,
Honoria,Bonhome,Hrochův Týnec,Czech Republic,,538 62
Vivie,MacKeague,Banikoara,Benin,,
Kellen,Playfair,Carquefou,France,B5,44474 CEDEX
Pris,Discombe,Daugavpils,Latvia,,
Gerrilee,Giller,Vicente Guerrero,Mexico,TAB,86350
Mirna,Blazewski,Oslo,Norway,03,0880
Ida,Upwood,Bongbong,Indonesia,,
Gretchen,Hein,Sidayu,Indonesia,,
Traver,Rogeron,Nanshi,China,,
Caryl,McLemon,Cennan,China,,
Peadar,Sawday,Honghualiangzi,China,,
Ewell,Baruch,Qixingtai,China,,
Annetta,Impy,Rey,Iran,,
Teresita,Menicomb,Baytā al Fawqā,Palestinian Territory,,
Charles,Donaho,Vityazevo,Russia,,353421
Jojo,Pulbrook,Inriville,Argentina,,2587
Carin,Kynsey,Besançon,France,A6,25024 CEDEX
Tanitansy,Bennike,Norrköping,Sweden,E,602 14
Evangelina,McCrie,Oslo,Norway,03,1252
Wallis,Burfoot,Gävle,Sweden,X,801 33
Lishe,Wyles,Gaphatshwe,Botswana,,
Prue,Robelow,Huangjingba,China,,
Denyse,Chafney,Novo Selo,Bulgaria,,3784
Leisha,Veschambes,Gondar,Ethiopia,,
Edwin,Duligal,Sūq ar Rabū‘,Yemen,,
Teena,Keming,Xinglongchang,China,,
Jeanine,Garden,Iksha,Russia,,141860
Eddy,Stacey,Ust’-Labinsk,Russia,,385321
Corly,Fahey,Contraalmirante Cordero,Argentina,,8305
Rex,Simonel,Agoo,Philippines,,2504
Wyndham,Etter,Zastron,South Africa,,9951
Flss,Legrice,Malasila,Philippines,,5507
Marna,Scotney,Ayorou,Niger,,
Conni,North,Örgön,Mongolia,,
Cazzie,Pellissier,Qiaotou,China,,
Patrizio,Cumbridge,Lyon,France,B9,69245 CEDEX 05
Rosco,Ondracek,Lamadong,Indonesia,,
Kailey,Callard,Apartadó,Colombia,,057847
Paul,Firle,Khadyzhensk,Russia,,352680
Dena,Dobel,Dongmafang,China,,
Clerissa,McKerrow,Sémé,Senegal,,
Peggi,Gribben,Moro,Pakistan,,67130
Worden,Paulucci,Citeureup,Indonesia,,
Antonius,Cuncliffe,Silvares,Portugal,05,6230-636
Dolorita,Talboy,Pozo Hondo,Argentina,,3714
Belle,Chesworth,Montargis,France,A3,45204 CEDEX
Benni,Grinyer,Recreio,Brazil,,36740-000
Elspeth,Farman,Vila Real de Santo António,Portugal,08,8900-205
Drusie,Pawelke,Conner,Philippines,,3807
Dyann,Simek,Staryy Oskol,Russia,,309509
Lou,Vicar,Aurillac,France,98,15004 CEDEX
Brander,Slobom,Lyaskovets,Bulgaria,,5145
Mureil,Niccols,Žleby,Czech Republic,,679 23
Cacilie,Astbury,Kapchorwa,Uganda,,
Maritsa,Kieran,Sakado,Japan,,929-0417
Toby,Ambrogini,Graneros,Chile,,
Katina,Sherburn,Huanggu,China,,
Armstrong,Drowsfield,Sukkozero,Russia,,186956
Izzy,Breitling,Synevyr,Ukraine,,
Jerrilyn,Broddle,Saint Louis,United States,MO,63180
Yancy,Anear,Sapareva Banya,Bulgaria,,2645
Adolpho,Fever,Hyesan-dong,North Korea,,
Jourdan,Downe,Hamhŭng,North Korea,,
Ulysses,Boulger,Amirdzhan,Azerbaijan,,
Aristotle,Rosenbush,Nyagan,Russia,,628189
Gaynor,Defries,Shemonaīkha,Kazakhstan,,
Hugh,Gorvin,Komorniki,Poland,,62-056
Germaine,Jouanny,Oenam,Indonesia,,
Calida,Janicki,Primorsk,Russia,,188910
Ollie,Yakobowitz,Kadupayung,Indonesia,,
Alf,Barnfather,Pamakayo,Indonesia,,
Ricky,Farnill,Skovorodino,Russia,,676015
Ariela,Fison,Ell,Luxembourg,,L-8531
Dana,Udy,Cijapar,Indonesia,,
Jesse,Arson,Fianarantsoa,Madagascar,,
Deane,Iacabucci,Gunungjulang,Indonesia,,
Bryn,Symington,Ostrówek,Poland,,98-311
Bryon,Avard,Aliwal North,South Africa,,9754
Uriel,Domel,Weepangali,Indonesia,,
Bendicty,Shinefield,Pamoyanan,Indonesia,,
Manda,Buchan,Minggang,China,,
Domingo,Skim,Atarodangwautu,Indonesia,,
Michel,Gull,Omoku,Nigeria,,
Bronson,Prendergrass,Ikeda,Japan,,949-1616
Cortney,L'Hommeau,Virginia,Ireland,,D18
Angel,Whayman,Cajacay,Peru,,
Mina,Battram,Jardín,Colombia,,056057
Nichol,Checo,Kebonsari,Indonesia,,
Midge,Gitting,Lobos,Argentina,,7240
Cecilio,Ledeker,Ōhara,Japan,,299-4624
Analiese,Bustard,Novi Kneževac,Serbia,,
Arabelle,Demeter,Concepción de la Barranca,Honduras,,
Moira,Huckell,Velyka Mykhaylivka,Ukraine,,
Baudoin,Hugonnet,Libertad,Philippines,,9021
Mabel,Edler,Karangpaningal,Indonesia,,
Marthe,Poletto,Sukoanyar,Indonesia,,
Anitra,MacConnel,Belčišta,Macedonia,,6344
Maryanna,Curtain,Reims,France,A4,51679 CEDEX 2
Minnnie,Duchesne,Liloy,Philippines,,7115
Minna,Killingworth,Harstad,Norway,19,9414
Trenton,Guerreau,Berezanka,Ukraine,,
Michel,Ruggiero,Banjar Wates Tengah,Indonesia,,
Morrie,Sibery,Ochojno,Poland,,60-222
Gustavus,Cazalet,Warwick,Canada,QC,G6R
Nero,Korfmann,Karasuyama,Japan,,300-0836
Shoshanna,MacKain,Krasnaya Poyma,Russia,,140514
Aubrey,Sunners,Paris 19,France,A8,75934 CEDEX 19
Hilton,Castella,Mollās̄ānī,Iran,,
Mervin,Dufton,Todorovo,Bosnia and Herzegovina,,
Rosy,Ferraro,Samur,Azerbaijan,,
Lacie,Loraine,Tokonou,Guinea,,
Frederique,Garment,Tahoua,Niger,,
Riva,Dominey,Maracanaú,Brazil,,61900-000
Indira,Charlson,Awilega,Indonesia,,
Napoleon,Wildt,Tongshan,China,,
Maddie,Drewes,Shurugwi,Zimbabwe,,
Charlotta,Buttriss,Qaraçuxur,Azerbaijan,,
Ileana,Goor,Saint John,Malta,,ZTN
Tremaine,Swithenby,Pindushi,Russia,,186323
Virgie,Minor,Pato Branco,Brazil,,85500-000
Mitzi,Kem,Prilep,Kosovo,,
Roana,Raymont,Xiaoyi,China,,
Alma,Petley,Cái Nhum,Vietnam,,
Germana,Bennallck,Jiguaní,Cuba,,
Mikaela,Hutchinges,Lamakera Dua,Indonesia,,
Lauryn,Kuhnwald,Lubuagan,Philippines,,3802
Dougie,Giblett,Corrego Grande,Brazil,,88000-000
Elle,MacSweeney,Turpo,Peru,,
Idaline,Searby,Jatirogo,Indonesia,,
Marrilee,Albutt,Serrinha,Brazil,,59258-000
Hermie,Maylin,Talashkino,Russia,,214512
Theo,Artindale,Sölvesborg,Sweden,K,294 74
Nevile,Addicott,Al Nashmah,Yemen,,
Lauri,Butts,Tournavista,Peru,,
Nerte,Chidwick,Ceres,Brazil,,76300-000
Aleda,Devonshire,Jincang,China,,
Leontine,Bruntjen,Wakiso,Uganda,,
Wesley,Opie,Wanfu,China,,
Bertina,Soffe,Raszczyce,Poland,,47-435
Derron,Bowbrick,Yushan,China,,
Zacharie,Hacaud,Yuwan,China,,
Lesley,Muggleston,Wilamowice,Poland,,43-330
Barbara,Nicolls,Simpangpasir,Indonesia,,
Sean,Kunzler,Wawu,China,,
Tobias,Burn,Kluczbork,Poland,,46-203
Hester,d'Escoffier,Vinica,Macedonia,,2310
Katrine,Winchcum,Mandesan,Indonesia,,
Grete,Duffin,Moycullen,Ireland,,A41
Goddard,Havis,Riachão do Jacuípe,Brazil,,44640-000
Nollie,Bourton,Ngã Bảy,Vietnam,,
El,Somerfield,Medeiros Neto,Brazil,,45960-000
Lib,Rougier,Bhopālwāla,Pakistan,,51130
Aila,Cuddehay,Kolokani,Mali,,
Rana,Sinnatt,Alfenas,Brazil,,37130-000
Analise,Garnett,Kham Sakae Saeng,Thailand,,30290
Shelley,Clemerson,Mojoagung,Indonesia,,
Immanuel,Trebilcock,Qidu,China,,
Alyson,Millward,Langue,Honduras,,
Raffarty,Merrifield,Cipinang,Indonesia,,
Eugenius,Bottoner,Darkovice,Czech Republic,,747 17
Bruce,Bramwich,Bakar,Croatia,,52428
Gerard,Govett,Gomel,Belarus,,
Zorina,Shapcote,Los Angeles,United States,CA,90071
Salvidor,Lamperti,Tongguan,China,,
Tyrus,Candie,Arauco,Chile,,
Edy,Pole,Černelavci,Slovenia,,9265
Dorene,Lipman,Piła,Poland,,64-970
Erastus,Odcroft,Al ‘Azīzīyah,Libya,,
Leeanne,Battlestone,Kalamangog,Philippines,,7006
Jule,Isgate,Baokou,China,,
Benjie,Tesh,Xingnong,China,,
Cherye,Benedidick,Sahavato,Madagascar,,
Erick,Bockin,Daxin,China,,
Evangelina,Avramovsky,Lubukgadang,Indonesia,,
Jody,Weekly,Puncaktugu,Indonesia,,
Lynnea,Champneys,Pará de Minas,Brazil,,35660-000
Vlad,Reddish,Hukou,China,,
Analiese,Mc Caughan,Santa Maria do Souto,Portugal,03,4800-260
Reece,Fosbraey,Criação Velha,Portugal,46,9950-225
Siobhan,Reame,Wangzuizi,China,,
Rosella,Labarre,Lingshan,China,,
Mendel,Peatheyjohns,Ipoh,Malaysia,PRK,30532
Catlin,Peabody,Akora,Pakistan,,24131
Devin,Doelle,Banjar Pedawa,Indonesia,,
Desmund,Hodgin,Catende,Brazil,,55400-000
Devinne,Anniwell,Heshang,China,,
Theobald,Pulfer,Liangnong,China,,
Lotta,Wilcocks,Yokohama,Japan,,929-0341
Dick,Weiss,Valeirinha,Portugal,06,3070-435
Samuele,Denizet,Bailadores,Venezuela,,
Mariann,Lodge,San Luis,Philippines,,8511
Emogene,Carletti,Pasiraman,Indonesia,,
Ulrika,Thomasson,Baghlān,Afghanistan,,
Reed,Cullivan,Suqin Huimin,China,,
Frasier,Breitler,Tân Hòa,Vietnam,,
Berty,Wallington,Lugang,China,,
Sherrie,McCrohon,Yujin,China,,
Salomo,Hugo,Dnestrovsc,Moldova,,MD-3352
Hayward,Kelleher,Banjar Batuaji Kaja,Indonesia,,
Wolfie,Bertelmot,Almaznyy,Russia,,678181
Sonnie,Kurten,San Marcos,Honduras,,
Gusta,Gallimore,Guanfang,China,,
Kellina,Vallery,Pakenjeng,Indonesia,,
Hanny,Flindall,Marull,Argentina,,5139
Maris,Haistwell,Czerniewice,Poland,,97-216
Dennis,Reburn,Arue,French Polynesia,,
Stevena,Jacquemet,Owen Sound,Canada,ON,N4K
Marijn,Ridwood,Duayaw Nkwanta,Ghana,,
Christian,Aujouanet,Nangerang,Indonesia,,
Mikey,Demogeot,Gostynin,Poland,,09-500
Belle,Hastin,Rio Claro,Brazil,,13500-000
Theadora,Healeas,Tianxin,China,,
Nial,Inde,Bello,Colombia,,051059
Libbey,Smedmore,Aleksandrovac,Serbia,,
Addy,Olifaunt,Ţalkhā,Egypt,,
Berry,Sandeson,Youhao,China,,
Skip,Do,Brokopondo,Suriname,,
Carmelina,Leisk,Ţayyibat al Imām,Syria,,
Lory,Tertre,Ruma,Nigeria,,
Gorden,Volet,Mugala,China,,
Florie,Langdon,Samparna,Indonesia,,
Malcolm,Kirtland,Bogor,Indonesia,,
Rozanne,Mithon,San Julian,Bolivia,,
Glynnis,Roberds,Lysekil,Sweden,O,453 22
Luigi,Priddey,Lakkha Nëvre,Russia,,366817
Bennie,Dalliwatr,Baohe,China,,
Barr,Skypp,Villa Urquiza,Argentina,,4000
Greg,Santi,Youdian,China,,
Shelley,Gusticke,Guanqian,China,,
Suki,Sultana,Orita Eruwa,Nigeria,,
Rupert,Dyter,Thiers,France,98,63304 CEDEX
Genna,Ciobutaru,Huagu,China,,
Lemuel,Whittaker,Calibungan,Philippines,,2312
Clifford,Farebrother,La Palma,Mexico,HID,42082
Enrica,Francey,Dzwola,Poland,,23-304
Ferguson,Marsland,Sitovo,Bulgaria,,7662
Bank,Staning,Aniva,Russia,,694030
Rutledge,Dumbleton,Ughelli,Nigeria,,
Rea,Tudgay,Trpinja,Croatia,,32224
Jyoti,Delle,Tajur,Indonesia,,
Skipper,Strickett,Fuling,China,,
Reinaldo,Bourbon,Mezhdurechensk,Russia,,652878
Filmer,Roddie,Kanye,Botswana,,
Benyamin,Blevin,Cascais,Portugal,11,2750-099
Warner,Maulin,Tuhe,China,,
Nolan,Dongles,Jebba,Nigeria,,
Nonnah,Brambill,Nandayure,Costa Rica,,50904
Binky,Ellsom,Gondang,Indonesia,,
Annabell,Nugent,Sumurwaru,Indonesia,,
Selestina,O'Keenan,Krasnodon,Ukraine,,
Klaus,Denyukin,Pechenga,Russia,,391357
Myriam,Tosspell,San Isidro,Philippines,,8421
Janela,Kevern,Hobart,Australia,TAS,7803
Rodrigo,Gopsell,Drammen,Norway,06,3047
Teirtza,McClelland,Lukou,China,,
Florida,Thompson,Al Muwayh,Saudi Arabia,,
Hettie,Plowright,Tikhvin,Russia,,187557
Ashbey,Measures,Detroit,United States,MI,48258
Marven,Doy,Kuz’minskiye Otverzhki,Russia,,398501
Karissa,Largan,Lacombe,Canada,AB,T4L
Caresa,Busfield,Qiansuo,China,,
Milli,Jentges,Liloy,Philippines,,7115
Franciskus,Rowter,Megalochórion,Greece,,
Miguela,Samme,Belverde,Portugal,15,2845-487
Alyse,Klas,Changjiang,China,,
Sim,Geroldini,Kilju,North Korea,,
Tiffani,Caplan,Adiwerna,Indonesia,,
Verile,Bottby,Guzhen,China,,
Tish,Lange,San Cristóbal Cucho,Guatemala,,12027
Abel,Agge,Meghrashen,Armenia,,
Robby,Bohler,Eksjö,Sweden,F,575 94
Francklin,Okenfold,Ust’-Izhora,Russia,,196658
Tomasina,Roxbee,Bang Klam,Thailand,,90110
Roth,Orgee,Kigali,Rwanda,,
Noel,Penella,Biscoitos,Portugal,43,9760-055
Mack,Baum,Kosamphi Nakhon,Thailand,,90190
Cori,MacBean,Luohe,China,,
Jo,Maciunas,San Cosme y Damián,Paraguay,,
Theresina,Coggan,Annapolis,United States,MD,21405
Cletis,Boothroyd,El Hermel,Lebanon,,
Odey,Bangiard,Mbala,Zambia,,
Lisbeth,Dongall,Bennäs,Finland,,02701
Correy,Pughsley,Iza,Ukraine,,
Shannah,Dollard,Moriya,Japan,,962-0305
Gorden,Nind,Gryazovets,Russia,,162002
Carly,Grayham,Kompóti,Greece,,
Doralynne,Stopforth,Masons Bay,Bahamas,,
Cirillo,Bibbie,Songhae,South Korea,,
Fanny,Weiser,Qalandiyā,Palestinian Territory,,
Micky,Chill,Balekersukamaju,Indonesia,,
Cora,Jentet,Port Area,Philippines,,1018
Cirilo,Shead,Juigalpa,Nicaragua,,
Adara,Tousy,Karanggedang,Indonesia,,
Abram,Dyble,Morrelgonj,Bangladesh,,3807
Lamar,Benjafield,Tân Trụ,Vietnam,,
Jeffrey,Rihosek,Huangcun,China,,
Vitoria,Raiker,Palaió Fáliro,Greece,,
Helenka,Sides,Ngala,Nigeria,,
Ertha,Lilion,Bieliny,Poland,,00-458
Angelico,Scimonelli,Seboruco,Venezuela,,
Raymond,Haddon,San Antonio,Mexico,OAX,71200
Ashby,MacElane,Zhugang,China,,
Quintana,Oxer,Xiaochi,China,,
Brooks,Jacop,Słupsk,Poland,,76-280
Renate,Bernat,Chengnan,China,,
Lenee,Grishelyov,Cafarnaum,Brazil,,44880-000
Gaylor,Halbert,Detusoko,Indonesia,,
Laraine,Manwell,Araguaiana,Brazil,,78685-000
Davidde,Ficken,Luwan,China,,
Rodolphe,MacDonnell,Uurainen,Finland,,41231
Hilliary,Savary,Portobelo,Panama,,
Marc,Sitford,Hekinan,Japan,,475-0803
Demeter,Jorez,Paulpietersburg,South Africa,,3185
Mora,Rene,Saint-Brieuc,France,A2,22091 CEDEX 9
Luce,Shreeves,Baalbek,Lebanon,,
Reagan,Gutridge,Buyuan,Philippines,,5021
Oralia,Rounding,Kamalasai,Thailand,,46130
Milly,Borthram,Valle de Ángeles,Honduras,,
Byrann,Dewdney,Gaojia,China,,
Nonie,Greave,Nîmes,France,A9,30910 CEDEX 2
Thomasin,Ianitti,Veselynove,Ukraine,,
Hansiain,McGill,Kedungbacin,Indonesia,,
Earvin,Peche,Santa Monica,Philippines,,8422
Daren,Dionsetto,Tuburan,Philippines,,7306
Pris,Hayman,Mibu,Japan,,731-1515
Roy,Shitliff,San Sebastian,Philippines,,6714
Hersch,Chamberlin,Pinagsibaan,Philippines,,0801
Rosamond,Haskey,Bestala,Indonesia,,
Findlay,Wollaston,Bantarpanjang,Indonesia,,
Leonid,Vader,Yabēlo,Ethiopia,,
Arabela,Wimlet,Gaotian,China,,
Moise,Fell,Azogues,Ecuador,,
Cari,Deverell,Flushing,United States,NY,11388
Jade,Flipek,Fort Worth,United States,TX,76198
Sly,Strangeways,Kirkuk,Iraq,,
Wain,Matson,Kose,Estonia,,
Claire,Gordge,La Agustina,Dominican Republic,,10516
Janene,Geraghty,Shushary,Russia,,196626
Barbaraanne,Dace,Garbów,Poland,,21-080
Doyle,Mityushkin,Beauceville,Canada,QC,G5X
Danella,Sculley,Sambirejo,Indonesia,,
Janetta,Hearnshaw,Huangjinbu,China,,
Rollie,Philpotts,Ulapes,Argentina,,5473
Leopold,Ahrens,Heshengbao,China,,
Hamlen,Seebert,Chochkan,Armenia,,
Ginnie,Caldaro,Phước An,Vietnam,,
Roy,Goodee,Frederiksberg,Denmark,1084,1853
Gelya,Mardy,Jixian,China,,
Susana,Plaskitt,Trà Vinh,Vietnam,,
Willa,Pumphrey,Huabeitun,China,,
Michal,Durning,Carvalhos,Portugal,16,4960-349
Virginia,MacCafferty,Damao,China,,
Florian,Towriss,Mattawa,Canada,ON,V5M
Lannie,Baseley,Dushanbe,Tajikistan,,
Alejoa,Woolcocks,Bendungan,Indonesia,,
Loutitia,Dwelley,Troyes,France,A4,10081 CEDEX
Lem,Swate,Tibillo,Peru,,
Savina,Colley,Kostino,Russia,,613060
Rivi,DeSousa,Boudinar,Morocco,,
Orelie,Ingliss,Tamontaka,Philippines,,9708
Gaspar,Auchterlony,Kamen,Croatia,,21000
Maribelle,Vala,Grecheskoye,Russia,,357247
Wenonah,Planque,Hengxi,China,,
Cornell,Bettles,Lewin Kłodzki,Poland,,57-343
Ardith,Plom,Comandante Luis Piedra Buena,Argentina,,9303
Kimmi,Do,R S,India,GJ,395003
Margit,Mielnik,Kertamukti,Indonesia,,
Lazare,Mance,Makrochóri,Greece,,
Rachele,Seal,Yaozhanzi,China,,
Kimmi,Copelli,Jiachuan,China,,
Carol,Audsley,Tadotsu,Japan,,769-0228
Sinclair,Coakley,Shuyuan,China,,
Westleigh,Morter,Mondlo,South Africa,,2525
Valery,Wiffill,Tajimi,Japan,,507-0901
Carlyle,Baseke,Huagu,China,,
Ingram,Polly,Mayskiy,Russia,,301649
Wain,Fitzpatrick,Gīdolē,Ethiopia,,
Carolus,Hubback,Banī Suwayf,Egypt,,
Suki,Peidro,Ganjun,China,,
Olly,Faltin,Huangzhuang,China,,
Corny,Radoux,Miaoquan,China,,
Kimbra,Earley,Airdrie,Canada,AB,T4B
Sylvan,Cleef,Kohila,Estonia,,
Geri,Duddy,Suqiaoxiang,China,,
Katusha,Renoden,Dumbéa,New Caledonia,,98839
Innis,Simononsky,Star’,Russia,,242640
Elysia,O'Kenny,Stari Bohorodchany,Ukraine,,
Yale,Spratley,Novocherkassk,Russia,,346408
Pat,Peron,Lizhuang,China,,
Lindy,Dunstall,Pingpu,China,,
Teriann,Dikelin,Wingham,Canada,ON,T5K
Dian,Sedman,Crossmolina,Ireland,,A98
Valeda,Gomer,Artemisa,Cuba,,
Pollyanna,Burnsyde,Niihama,Japan,,595-0814
Joshia,Fearney,Křížová,Czech Republic,,794 01
Elissa,Goldin,Valledupar,Colombia,,200018
Gipsy,Strathe,Peddie,South Africa,,6139
Evelyn,Heggison,Kabuynan,Philippines,,8311
Ilysa,Patesel,Metallostroy,Russia,,196851
Alistair,Morrison,Marly,France,B2,57155
Judah,Mumbey,Ipala,Guatemala,,20011
Lucias,Vynall,Auas,Honduras,,
Darcey,Dohrmann,Gainesville,United States,FL,32627
Lyndy,Morsom,Leuwibuleud,Indonesia,,
Bradan,Vasiliu,Batobato,Philippines,,1091
Curcio,Melan,Calaoagan,Philippines,,1107
Lenora,Huygens,Kimhae,South Korea,,
Dulcine,Buddock,Las Flores,Mexico,COA,30479
Bunnie,Naisbitt,Weichanglu,China,,
Aloysius,Lackmann,Chiconi,Mayotte,,97670
Dayle,Poland,Cuozheqiangma,China,,
Alessandra,Easeman,Hwawŏn,South Korea,,
Norri,Nelthorp,Doroslovo,Serbia,,
Sylvan,Matteucci,Umm Sa‘īd,Qatar,,
Cally,Budden,Imbituba,Brazil,,88780-000
Kinny,Benbough,Yegorlykskaya,Russia,,347664
Laurie,Crathern,Kelaniya,Sri Lanka,,11600
Eziechiele,Heady,Longjumeau,France,A8,91169 CEDEX
Odelle,Bithany,Barretos,Brazil,,14780-000
Borg,McElvogue,Jalaud,Philippines,,5004
Bebe,Slide,Anse à Galets,Haiti,,
Gamaliel,Franceschino,Anávra,Greece,,
Katina,Giraudeau,Burtunay,Russia,,368150
Hyacinthia,Bedboro,Pag-asa,Philippines,,8113
Kayla,Shireff,Cambanay,Philippines,,6344
Angelique,Edowes,Balrothery,Ireland,,K32
Imogene,Sproston,San Antonio,Philippines,,6407
Cy,Tithecote,Lohayong,Indonesia,,
Nissa,McGuire,Yonggu,China,,
Dominique,Fattore,La Paloma,Uruguay,,
Peyton,Erdely,Tungoo,Indonesia,,
Doralynne,Weed,Chư Prông,Vietnam,,
Marcy,Runacres,Sabbah,Syria,,
Skipton,Gilloran,Umeå,Sweden,AC,904 04
Griff,Jerrolt,Yablochnyy,Russia,,694630
Angelle,Aynold,Lancaster,United States,CA,93584
Loria,Brine,Bajera,Indonesia,,
Killie,Elloy,Ibusuki,Japan,,574-0072
Margalit,Asche,Gongnong,China,,
Perice,Snufflebottom,Bessonovka,Russia,,442780
Agna,Wrennall,Kolyubakino,Russia,,143144
Ulrika,Doorly,Gafargaon,Bangladesh,,2234
Bari,Cordsen,La Goulette,Tunisia,,
Florencia,Doale,Pau,Philippines,,5513
Pablo,Guitton,Hovd,Mongolia,,
Waverley,East,Bang Na,Thailand,,10260
Dorise,Gothliff,Dazhou,China,,
Kenn,Cuff,Date,Japan,,949-8522
Samara,Dulwich,Ngajum,Indonesia,,
Yvonne,Monshall,Tidaholm,Sweden,O,522 32
Meghann,Antcliffe,Motge,China,,
Benetta,Dietzler,Yuxarı Aran,Azerbaijan,,
Tallia,Eitter,Lazaro Cardenas,Mexico,SIN,81803
Greg,Jallin,Demba,Democratic Republic of the Congo,,
Jacky,Brady,Lebel-sur-Quévillon,Canada,QC,N2A
Selig,Rajchert,Tirtopuro,Indonesia,,
Dickie,Alexandersson,Ditang,China,,
Agnella,Schruur,Mranggen,Indonesia,,
Cynde,Bannerman,Columbus,United States,OH,43210
Dorice,Vest,Paris 11,France,A8,75522 CEDEX 11
Hugo,Lowery,Barusuda,Indonesia,,
Bernadina,Bischoff,Wolofeo,Indonesia,,
Lola,McKinnon,Kalajoki,Finland,,85101
Rena,Ber,Mörön,Mongolia,,
Chadwick,Harsnipe,Crespo,Argentina,,3116
Bard,Cotty,Memória,Portugal,10,2420-231
Jodie,Maiden,San Diego,United States,CA,92153
Fabio,Pevie,Yipeng,China,,
Tara,D'Antonio,Arroyo Naranjo,Cuba,,
Cletis,Attiwill,Navatat,Philippines,,0905
Earlie,Spofford,Cheban,China,,
Forester,Ledgeway,Salavat,Russia,,453259
Anthia,Considine,Shiliting,China,,
Aidan,Fendlen,Parravak’ar,Armenia,,
Minda,Bernardeschi,Xinshichang,China,,
Demetria,Worms,Solţānābād,Iran,,
Orelee,Ibbott,Gniechowice,Poland,,55-042
Sydel,Moorton,Young,Uruguay,,
Wendy,Wallen,Jinchang,China,,
Tina,Scarse,Wuluo,China,,
Alix,McQuillan,Talmest,Morocco,,
Elana,Vynall,Montreuil,France,A8,93104 CEDEX
Karee,Phettiplace,North Vancouver,Canada,BC,V7Y
Stella,Isabell,Sainte-Sophie,Canada,QC,J5J
Locke,Cristofor,Livadiya,Russia,,363001
Shawn,Lorenzin,Raciąż,Poland,,09-140
Josefina,Grewar,Tumcon Ilawod,Philippines,,1045
Xylia,Elsegood,Soanierana Ivongo,Madagascar,,
Bruce,Presnall,Vyšší Brod,Czech Republic,,382 73
Eunice,Leverette,Jinfeng,China,,
Malva,Wrennall,Raciążek,Poland,,87-721
Tricia,Blois,Hedi,China,,
Blythe,Rannie,Iturama,Brazil,,38280-000
Brana,Albrook,Eloy Alfaro,Ecuador,,
Garek,Cathery,Issoire,France,98,63504 CEDEX
Georgiana,Bretton,Darhan,Mongolia,,
Jeanie,Bellanger,Ketara,Indonesia,,
Krissie,Gatrell,Leiyang,China,,
Brietta,Herculson,Talavera,Philippines,,3114
Johan,Rappa,Ise,Japan,,861-3937
Norean,Alliberton,Lewoeleng,Indonesia,,
Nydia,Usborn,Ülken,Kazakhstan,,
Thomasa,Freeth,Camagüey,Cuba,,
Lynett,Zealey,Xambabazar,China,,
Freida,Nettles,Agnibilékrou,Ivory Coast,,
Suellen,Cristofalo,Ladoang,Indonesia,,
Regen,Tancock,Vila Nova da Baronia,Portugal,02,7920-355
Hermia,Turtle,Chibombo,Zambia,,
Lewes,Gration,Veiga,Portugal,13,4650-226
Abe,Noades,Neietsu,South Korea,,
Nichols,Carlan,Boji,China,,
Dianemarie,Verryan,Staraya Kupavna,Russia,,142450
Cara,Thorrold,Danxia,China,,
Ellwood,Prangnell,Chemerivtsi,Ukraine,,
Karine,Bazley,Koszyce Wielkie,Poland,,33-111
Belita,Oager,Bluefields,Nicaragua,,
Valry,Campos,Tinawagan,Philippines,,4425
Justino,Blyth,Cabangahan,Philippines,,6131
Ced,Docksey,Xazgat,China,,
Thor,Nasi,Jiangbei,China,,
Delcine,Heild,Novyye Gorki,Russia,,155101
Fidole,Hurford,Kolsh,Albania,,
Babb,Fairclough,Sampaloc,Philippines,,4329
Titos,Nussey,San Juan,Philippines,,6227
Buffy,Gascoyen,Ouahigouya,Burkina Faso,,
Kay,Rodden,Lukovica pri Domžalah,Slovenia,,1225
Ahmad,Sankey,Fangfan,China,,
Adore,Giddons,Itapema,Brazil,,88220-000
Christie,Sciacovelli,Katoúna,Greece,,
Mathew,Bootman,Pasadena,United States,CA,91117
Lock,Chiechio,Shadili,China,,
Georges,Goodie,Santa Teresita,Philippines,,4206
Roby,Pallis,Novorossiysk,Russia,,353993
Tomasine,Naden,Isfara,Tajikistan,,
Valentin,Yuryshev,Jangkat,Indonesia,,
Eleanor,Heel,Xintian,China,,
Lisa,Ayton,Wangmo,China,,
Slade,Hussy,Ipoh,Malaysia,PRK,30902
Zebadiah,Mallon,Nalsian Norte,Philippines,,2424
Doug,Heinritz,Umeå,Sweden,AC,907 04
Colman,Ellerey,Masjed Soleymān,Iran,,
Charo,Chart,Pinggang,China,,
Bennett,Constantinou,Al Qardāḩah,Syria,,
Shepherd,Scarlet,Cantapoy,Philippines,,9715
Clarance,Imbrey,Villeta,Colombia,,253418
Sebastiano,Denyakin,Heba,China,,
Adaline,Quaife,Chacarita,Costa Rica,,60112
Zebulon,Kasper,Alcáçovas,Portugal,07,7090-021
Sigmund,Aylmore,Cutral-Có,Argentina,,8322
Winslow,Barnard,Gan Yavne,Israel,,
Goldarina,Snook,Porto Seguro,Brazil,,45810-000
Dulsea,Marjoram,Xinshi,China,,
Nilson,Betun,Tunzhai,China,,
Hermine,O'Shirine,Sanjiao,China,,
Rufe,Mollindinia,Dowlatyār,Afghanistan,,
Darlene,Wandrack,Tomobe,Japan,,319-1304
Chrisse,Matyashev,Jintang,China,,
Dougy,Bownd,Stari Bohorodchany,Ukraine,,
Melvyn,Daltrey,Pueai Noi,Thailand,,40340
Anastasia,FitzGibbon,Beicang,China,,
Frannie,Plowes,Hodkovičky,Czech Republic,,147 00
Gunilla,Eliyahu,Nevel’,Russia,,182520
Wolfy,Thewys,Hejia,China,,
Lorettalorna,Dutteridge,Comallo,Argentina,,8416
Florry,Bobasch,Borås,Sweden,O,501 78
Rivkah,Crebo,Alacaygan,Philippines,,1212
Rosemonde,Mabbitt,Ingenio,Peru,,
Tybie,Unitt,Camatindi,Bolivia,,
Clo,Mackilpatrick,Xiniqi,China,,
Lindsey,Warren,Bayrachky,Ukraine,,
Marleah,Overstreet,Qinghua,China,,
Catlin,Cansfield,Pattani,Thailand,,57000
Perrine,Teliga,Kongsvinger,Norway,04,2212
Xenia,Ganing,Longjin,China,,
Arline,Benezeit,Bijelo Polje,Montenegro,,
Jarib,Moen,Zubrzyca Dolna,Poland,,34-481
Jammal,Riddich,Punat,Croatia,,51521
Dianna,Pomeroy,Gnieżdżewo,Poland,,84-130
Horst,Feaviour,Dolní Sloupnice,Czech Republic,,565 53
Clarie,Gerish,Lipnica Wielka,Poland,,34-483
Andonis,Alanbrooke,Tanjungkerta,Indonesia,,
Hillery,Seawell,Kroonstad,South Africa,,9505
Patty,Grimoldby,Jincun,China,,
Toby,Winterbottom,Trablice,Poland,,90-557
Darci,Poinsett,Lirang,China,,
Kevyn,Winskill,San Jerónimo,Honduras,,
Edna,Balogun,Akwanga,Nigeria,,
Petronella,Cracoe,Jaga,Indonesia,,
